{
  "Total" : {
    "transaction" : "Total",
    "sampleCount" : 250,
    "errorCount" : 219,
    "errorPct" : 87.6,
    "meanResTime" : 386.14800000000014,
    "medianResTime" : 343.0,
    "minResTime" : 156.0,
    "maxResTime" : 1220.0,
    "pct1ResTime" : 680.8,
    "pct2ResTime" : 764.4499999999998,
    "pct3ResTime" : 883.2300000000002,
    "throughput" : 8.122421131290814,
    "receivedKBytesPerSec" : 2.9934294689561063,
    "sentKBytesPerSec" : 2.3667021853374055
  },
  "Login Request" : {
    "transaction" : "Login Request",
    "sampleCount" : 250,
    "errorCount" : 219,
    "errorPct" : 87.6,
    "meanResTime" : 386.14800000000014,
    "medianResTime" : 343.0,
    "minResTime" : 156.0,
    "maxResTime" : 1220.0,
    "pct1ResTime" : 680.8,
    "pct2ResTime" : 764.4499999999998,
    "pct3ResTime" : 883.2300000000002,
    "throughput" : 8.122421131290814,
    "receivedKBytesPerSec" : 2.9934294689561063,
    "sentKBytesPerSec" : 2.3667021853374055
  }
}